Name,Email,Phone Number,Visit Date,Total Bill,Payment Method,Rating,Feedback
Jennifer Perez,heather35@example.com,001-582-842-4289,INVALID_DATE,,Debit Card,INVALID_RATING,Decide expect trial media fish human break.
Jon Washington,deniseevans@example.net,001-400-901-0195x013,INVALID_DATE,,Debit Card,1.555696058639092,
James Johnson,fswanson@example.com,+1-941-512-7942x30673,2024-03-12,341.4,INVALID_METHOD,3.6195639314991555,Type ok commercial international.
Alicia Robinson,cynthiajames@example.net,+1-756-655-8834x4117,,362.86,INVALID_METHOD,6.0,INVALID_FEEDBACK
Steven Lee,ratkins@example.net,836-740-1219x6326,INVALID_DATE,333.27,,4.246387616080658,INVALID_FEEDBACK
Bryan Nunez,rodriguezmackenzie@example.com,591.957.7790,2024-06-06,,Credit Card,-1.0,Stuff within available identify each late.
Susan Atkins,morgannicholas@example.com,(725)418-6603,2024-03-10,50.02,Debit Card,2.1320756971390145,Range consumer light exactly media yard.
Christian Rogers,olsonsteven@example.com,720-344-8412x40570,,207.92,INVALID_METHOD,2.2093303834842444,
Joseph Watson,walkerdaniel@example.com,992-490-4669,2024-03-02,9.28,INVALID_METHOD,,Remember human stock summer here.
Joshua Yu,sharon09@example.com,001-720-869-6899x467,2024-05-04,,INVALID_METHOD,INVALID_RATING,South speech practice mean social maintain site.
Jesse Webb,awalker@example.com,(294)786-4812,,INVALID_AMOUNT,,3.2288903127635615,Drop toward provide water sometimes wife.
Judy Mckenzie,allisonrodriguez@example.org,+1-636-968-2726x37010,,61.83,INVALID_METHOD,6.0,Whatever company start hand share doctor summer.
Mr. Philip Todd,michael87@example.org,+1-253-715-7993x82101,2024-02-27,101.3,INVALID_METHOD,1.5343917945533216,Role work man wish child film top.
Patricia Gutierrez,lwhite@example.org,+1-319-547-6100x4469,,INVALID_AMOUNT,Debit Card,INVALID_RATING,Morning sense true property.
Zachary Johnston,zjohnson@example.net,(570)364-0211x7878,,150.26,INVALID_METHOD,4.4803948218236265,INVALID_FEEDBACK
Roberta Gibson,natalie96@example.net,841.276.5156x9814,,405.85,Credit Card,4.462834324133784,Behind bad him phone make range growth.
Angel Berg,merrittjames@example.com,652-816-9586x6886,2024-05-07,114.67,,1.0487612456307427,Home rule either laugh form race adult country.
Timothy Murray,brett24@example.org,001-772-465-9881x9157,2024-05-01,INVALID_AMOUNT,Debit Card,4.480501512361494,
David Conrad,rmelton@example.org,339-974-7902,INVALID_DATE,,Debit Card,3.8414361468525926,
Susan Hunter,matthewcowan@example.com,(855)333-4439,INVALID_DATE,333.84,INVALID_METHOD,4.693780918682094,INVALID_FEEDBACK
Thomas Perez,hfisher@example.org,516.407.0142,INVALID_DATE,210.14,INVALID_METHOD,2.599993813610978,Herself task recognize school set.
Brittany Benitez DDS,maryclay@example.net,001-490-824-4800,2024-01-15,INVALID_AMOUNT,Credit Card,3.020500465948284,INVALID_FEEDBACK
Emma Moore,mathewsmichelle@example.com,001-949-922-0616x97779,,361.95,,INVALID_RATING,
Sarah Medina,ijohnson@example.org,(593)928-8044,,274.4,Debit Card,4.5053752437819465,Cell course explain whether of face actually.
Damon Moss,villanuevabrenda@example.org,5836748894,INVALID_DATE,495.5,INVALID_METHOD,INVALID_RATING,
Natalie Fisher,marisa65@example.org,781-838-0632x804,2024-01-01,,Credit Card,-1.0,INVALID_FEEDBACK
Richard Rivas,jjohnson@example.com,797-374-9733x94925,INVALID_DATE,,,-1.0,Share something identify accept information his movement.
April Romero,tpittman@example.com,001-734-976-2338x77863,INVALID_DATE,,Cash,3.0540357134873206,INVALID_FEEDBACK
Jason Elliott,swalker@example.org,(248)285-8533,INVALID_DATE,92.47,INVALID_METHOD,1.0059433796178143,
Cynthia Kennedy,ariel25@example.org,+1-665-740-4770x590,INVALID_DATE,,Debit Card,INVALID_RATING,INVALID_FEEDBACK
Linda Salinas,carlsonjermaine@example.com,(647)770-8822x66758,2024-07-14,,,3.2456417536975195,Truth south that must machine brother.
Terry James,lee53@example.org,311.573.4228,2024-02-29,363.25,,3.6843327585691137,
Nicholas Pham,owenschristopher@example.com,956-792-5194x59472,2024-03-24,104.18,Debit Card,,INVALID_FEEDBACK
Kyle Grant,barberadam@example.com,470.240.6168x790,,425.55,INVALID_METHOD,6.0,
Theodore Jordan,patrickadams@example.org,001-899-301-5273x954,2024-04-15,,,1.56684003753743,Shake organization wonder employee plan nation take.
Blake Garcia,sullivankari@example.com,+1-507-774-1853x3314,INVALID_DATE,144.68,Debit Card,4.2607313348092095,INVALID_FEEDBACK
Anne Rodriguez,hammondbridget@example.org,(808)392-1407x0264,,151.82,Credit Card,2.8916441181178247,
Tanner Thompson,jamesnancy@example.com,(420)413-4751,2024-03-22,398.32,Cash,-1.0,Memory media space eat sure discuss blood.
Billy Sherman,judith61@example.com,001-512-985-6560x12558,INVALID_DATE,,Credit Card,INVALID_RATING,Force score recent tonight price.
Debra Eaton,morganbrenda@example.com,932.575.9511x45410,INVALID_DATE,216.75,,3.4103595556155675,INVALID_FEEDBACK
Justin Davis,yholmes@example.net,595-346-6582x5705,INVALID_DATE,,INVALID_METHOD,-1.0,
Heather Sanders,watkinstimothy@example.org,(674)814-0779x8811,2024-03-27,422.01,,4.690622361322379,INVALID_FEEDBACK
Julie Chen,fstewart@example.org,001-969-407-7739,2024-02-23,,INVALID_METHOD,4.1121892699187175,INVALID_FEEDBACK
Gregory Foster,wadematthew@example.org,626-381-5450x15974,2024-01-05,,Credit Card,INVALID_RATING,
Tony Benson,reneejenkins@example.net,+1-425-845-8713x0118,INVALID_DATE,447.85,Debit Card,,
Kendra Vega,kenneth43@example.net,575.985.0173x48527,,223.39,Credit Card,3.232070853802193,INVALID_FEEDBACK
Mrs. Patricia Nielsen PhD,franklowe@example.com,205.228.2959,2024-04-28,,Debit Card,2.405822621311406,Politics remain lawyer matter threat.
Jessica Fowler,rachel91@example.net,2948680584,,,Cash,2.0286090778497865,Respond single second offer crime through Mr popular.
Antonio Elliott,jonathan56@example.net,2622893241,2024-01-05,,INVALID_METHOD,1.036494446336123,Agency nice usually now.
Jessica Benson,qelliott@example.net,+1-785-892-9629,INVALID_DATE,,Cash,,
Bruce Baker,eharper@example.com,(840)292-1664x4551,2024-05-13,INVALID_AMOUNT,Credit Card,2.8241114129733442,Make walk region day necessary.
Eric Jackson,dustin77@example.net,001-573-503-2782x5595,,,Debit Card,6.0,INVALID_FEEDBACK
Sheryl Ramirez,vjohnson@example.com,(453)448-8041,2024-05-02,417.05,Debit Card,INVALID_RATING,Authority hit special catch company.
Thomas Barr,jasonpruitt@example.net,382.905.6760x4383,2024-04-06,214.09,,6.0,INVALID_FEEDBACK
Shane Duran,anunez@example.com,684-810-5996,,,Debit Card,,INVALID_FEEDBACK
Chad Galvan,angelawerner@example.com,230.327.8597x84640,INVALID_DATE,,Credit Card,4.443624291491808,Owner arrive recognize medical instead.
Gary Copeland,srivera@example.net,(216)582-6174x24136,INVALID_DATE,279.36,Debit Card,INVALID_RATING,Collection science your doctor cut fight.
Martha Michael,nneal@example.net,(386)829-2467x87535,INVALID_DATE,91.25,Debit Card,,INVALID_FEEDBACK
Lori Meyer,nicole28@example.com,567.695.6148,INVALID_DATE,INVALID_AMOUNT,Credit Card,4.810947517412664,INVALID_FEEDBACK
Emily Young,julia09@example.com,(335)628-9790x79188,,121.23,Cash,3.865048303271438,Various newspaper report happy.
Curtis Smith,rwalters@example.org,469-739-7896,INVALID_DATE,285.21,Debit Card,INVALID_RATING,
Stephen Bartlett,egarcia@example.org,+1-541-558-8324x4153,,INVALID_AMOUNT,Cash,INVALID_RATING,
Bryan Weaver,davisjessica@example.org,281.898.0370x6335,,246.24,Debit Card,-1.0,Whose financial exist figure leave stage pretty.
Franklin Choi,joanbaker@example.net,(924)387-9443x7407,,,INVALID_METHOD,3.1820780222859235,INVALID_FEEDBACK
Brian Webb,amymelton@example.net,8798482626,2024-04-29,,INVALID_METHOD,1.4374829081369782,INVALID_FEEDBACK
Jeffrey Golden,dstanley@example.com,782.307.9770,,351.39,Credit Card,,INVALID_FEEDBACK
Megan Reid,rgomez@example.org,217-223-9143x609,2024-05-30,INVALID_AMOUNT,Cash,3.50890428009013,Phone then until they gas.
Gregory Meyers,wlambert@example.com,736.413.2553,INVALID_DATE,INVALID_AMOUNT,Credit Card,INVALID_RATING,Pass concern clearly hard explain night firm.
Jennifer Ryan,morrisnathan@example.org,403-516-9167x60603,,252.05,Debit Card,1.7821171430052387,Prevent yet reveal year street.
Shelby Hawkins,christinapowell@example.org,(438)317-8215,2024-05-17,,,INVALID_RATING,INVALID_FEEDBACK
Maria Estrada,angelaferrell@example.net,311-238-2768,INVALID_DATE,,Credit Card,1.3111076951787553,Left type better available defense outside.
Brandi Hunter,susanwatson@example.net,795.735.0228x417,2024-07-20,INVALID_AMOUNT,,1.076661831563554,INVALID_FEEDBACK
Larry Wilson,yjohnson@example.net,792.375.0280x670,INVALID_DATE,,,1.2701028286630125,Military discover turn police response fight actually laugh.
Mary Phillips,bavila@example.net,(747)266-8573x80845,INVALID_DATE,,Credit Card,3.5198794404669953,
Paul Duke,kenneth69@example.org,(419)649-3036x8545,2024-07-30,452.47,INVALID_METHOD,1.019285131951325,
Charles Anthony,mjones@example.net,813.292.5136x04842,2024-05-24,,Credit Card,-1.0,Heart specific in.
Mackenzie Taylor,john25@example.org,430.563.3266x122,2024-02-07,474.57,INVALID_METHOD,4.714519540512189,
Thomas Montgomery,lsoto@example.com,(443)759-9784x8466,,,Debit Card,,INVALID_FEEDBACK
Alicia Pratt,salinaskimberly@example.org,+1-570-784-0361x5011,2024-07-26,,Debit Card,4.342389666979155,Traditional lead rather second most wide.
Patricia Gray,gprice@example.net,+1-470-918-7764,INVALID_DATE,195.3,INVALID_METHOD,INVALID_RATING,
Leonard Wood,coreyturner@example.net,4914845219,2024-07-18,,INVALID_METHOD,6.0,Ball listen travel.
Jordan Kaufman,jeffrey67@example.com,(931)829-1465x7412,2024-05-25,INVALID_AMOUNT,Cash,2.182131235421215,
Amy Velasquez,richardmorgan@example.com,001-266-621-8996,INVALID_DATE,INVALID_AMOUNT,,2.744487936905325,
Shawn Griffith,pevans@example.com,890-948-4469x84823,2024-02-06,INVALID_AMOUNT,Cash,-1.0,
Steven Dillon,kevindavis@example.net,278-950-7455x873,2024-02-19,371.32,Credit Card,2.044347530026049,INVALID_FEEDBACK
James Hayes,grush@example.com,(616)383-4091,,INVALID_AMOUNT,INVALID_METHOD,3.056304259124675,INVALID_FEEDBACK
Mikayla Chapman,keith57@example.net,357-401-0702x22014,2024-06-21,INVALID_AMOUNT,Credit Card,4.587480808357044,INVALID_FEEDBACK
Christopher Young,angela27@example.org,7646729556,,,INVALID_METHOD,INVALID_RATING,Detail man call tax sound work.
Jason Morris,lopezscott@example.org,+1-217-200-4885x4792,2024-06-12,,,-1.0,Shake push employee sign oil why case.
Sean Shannon,hblack@example.net,776.831.8001,2024-02-15,INVALID_AMOUNT,Credit Card,2.161862337011958,Many out agent center.
Sarah Peterson,joshuanovak@example.org,(313)741-9312x025,2024-05-28,461.18,Credit Card,4.853444933607076,Machine management sea now.
Christopher Hardy,alexander73@example.org,(846)870-4204x343,INVALID_DATE,174.45,Debit Card,3.0291071946830557,Main south stay.
Robert Thompson,sgonzales@example.net,001-526-478-9210x2954,,180.1,,1.7477359290198615,
Sandra Hoffman,austin48@example.com,250-331-4412,2024-03-14,312.7,Credit Card,-1.0,Success big enough nothing.
Amber Crane,morriswilliam@example.org,530.718.7178,2024-07-23,370.07,Credit Card,,INVALID_FEEDBACK
George Hardy,clane@example.com,+1-496-567-2650x4326,,480.51,INVALID_METHOD,3.5003845202217136,INVALID_FEEDBACK
Johnathan Baldwin,josephdougherty@example.net,001-756-409-7321x9212,2024-04-06,INVALID_AMOUNT,Debit Card,INVALID_RATING,
Vincent Young,brandonrichardson@example.org,810-880-8372x90735,INVALID_DATE,416.74,Cash,4.546169458995929,Cause exist task well blood under impact.
Alexander Morris,fcarter@example.org,904-382-8393x5178,2024-02-28,127.54,Credit Card,2.846250216220994,Federal suffer worry structure.
Nicholas Hall,ujohnson@example.org,001-956-995-5763x505,INVALID_DATE,INVALID_AMOUNT,Debit Card,3.004098503475923,Billion act environment.
Danielle Hawkins,xpeterson@example.com,+1-936-888-8314x83771,,217.02,Credit Card,4.33230487094745,
Jacqueline Patterson,rachel89@example.com,775.861.3474x906,2024-04-08,130.4,Cash,,Reality indeed owner way draw least identify.
Wendy Bass,volson@example.org,+1-701-398-0953,,,Cash,2.0970847232785355,
Howard Thomas,arnoldvanessa@example.net,(314)228-3607,INVALID_DATE,359.78,Cash,4.696206223748698,
Aaron James,williamjenkins@example.com,288.634.8257x0217,INVALID_DATE,,,4.365190145266787,Rich visit weight find teacher local score.
Tina Davis,carlyallen@example.com,001-567-925-0478x26651,INVALID_DATE,326.6,INVALID_METHOD,6.0,Through baby future popular fear TV.
Penny Mitchell,callahanrobin@example.com,(765)688-8829x741,2024-06-10,INVALID_AMOUNT,Debit Card,,
Ronald Ayala,walter22@example.org,(754)816-6877,2024-05-19,INVALID_AMOUNT,Credit Card,3.9054625309823807,Food get thing financial allow good seven.
Elizabeth Monroe,swashington@example.net,+1-661-935-9830x58653,,314.33,INVALID_METHOD,4.144405069439635,INVALID_FEEDBACK
Stephanie Brady,gnicholson@example.com,213-387-6937x7252,2024-05-14,375.23,,,Box seat group various husband father.
Faith Mendez,kevinmorales@example.org,751.343.4430x7718,,139.38,,4.3177545118633125,INVALID_FEEDBACK
Amy Davis,salinasjenny@example.com,001-861-851-7588x764,2024-05-18,198.11,Credit Card,1.652049581908679,Generation nice different number involve guy only.
Ann Stewart,srobertson@example.com,001-836-632-8325,,331.99,Debit Card,6.0,
Christopher Thomas,ashley51@example.net,966.232.6667x6017,INVALID_DATE,32.96,,,Wear friend material scene month.
Amber Yang,pgraham@example.net,954-873-1236,,173.38,,2.5910655022305455,
Kara Thomas,ksanchez@example.org,001-999-365-7774,2024-05-24,438.72,Cash,3.2527344052174154,INVALID_FEEDBACK
Melissa Hall,sullivandavid@example.net,(770)524-9443x9683,2024-02-28,,Credit Card,,INVALID_FEEDBACK
Julie Hall,ashley84@example.net,+1-491-670-1175x76702,2024-01-25,INVALID_AMOUNT,Debit Card,6.0,Partner admit little news beautiful perform.
Jasmine Harris,tracy50@example.com,4148471004,2024-03-27,146.55,INVALID_METHOD,2.8033329788143657,INVALID_FEEDBACK
Christopher Schmidt,williamrobinson@example.net,453.631.5851,2024-06-13,103.44,,4.58282088866898,
Tracy Harvey,stewartheather@example.org,526.834.1478x6522,2024-07-07,,Credit Card,6.0,Action cell rise just.
Laura Noble,mjones@example.org,+1-518-653-2234,,INVALID_AMOUNT,,1.754248087519695,
David Irwin,zguzman@example.net,357-755-4030x4350,2024-07-22,,INVALID_METHOD,4.596255972781017,INVALID_FEEDBACK
George Kemp,michelle24@example.com,001-203-746-2433x995,,,,INVALID_RATING,Agree word ahead explain point more plan.
Jacob Barker,williamcalhoun@example.net,+1-533-939-0112x60930,2024-06-28,310.23,Cash,,INVALID_FEEDBACK
Anthony Shepard,jessica31@example.net,701.778.1713,2024-04-02,,Debit Card,-1.0,
Marcia Lam,jessica25@example.com,(434)625-3386,,305.34,Debit Card,6.0,INVALID_FEEDBACK
Rachel Weber,gardnertabitha@example.net,6175788774,,218.25,Cash,1.8257884214531486,
Lisa Bentley,tammy74@example.net,559.262.7610,,INVALID_AMOUNT,Debit Card,-1.0,Position rich piece institution.
Nancy Bradshaw,kthompson@example.org,8963573665,,,INVALID_METHOD,4.5742747520516005,
Brent Ford,jodisanchez@example.com,653.852.4576x8941,2024-07-05,42.67,INVALID_METHOD,3.5214196261491426,INVALID_FEEDBACK
Kristy Johnson,jdaugherty@example.net,001-837-419-7702x7750,INVALID_DATE,,Cash,4.275160789800961,INVALID_FEEDBACK
Emily Durham,jasonlane@example.org,(498)914-6502,INVALID_DATE,,Cash,,
Douglas Moreno,arroyomelissa@example.com,001-727-956-0874x877,2024-02-04,485.81,,4.216707509723079,Already view necessary speak.
Thomas Burke,bryantangel@example.com,001-331-856-3562x2469,2024-06-24,,Credit Card,INVALID_RATING,INVALID_FEEDBACK
William Bradley,kshah@example.net,309.268.5493x147,INVALID_DATE,INVALID_AMOUNT,INVALID_METHOD,-1.0,Represent page already rise.
Chelsea Swanson,nichole44@example.net,298.697.4045x494,,,Credit Card,,INVALID_FEEDBACK
Katelyn Smith,reynoldsdestiny@example.org,220.293.9548,2024-02-20,202.06,Debit Card,-1.0,INVALID_FEEDBACK
Alexander Davis,lboyer@example.com,+1-276-500-1989x07885,2024-05-24,311.1,Credit Card,6.0,Enough meeting reflect onto job nature central natural.
Emily Boyd,joelboone@example.com,617.908.1042x5571,2024-04-01,334.04,,4.015409232991388,INVALID_FEEDBACK
Kathleen Curtis,pbriggs@example.com,(512)994-9363,,88.98,,1.0829933315046114,
Sharon Martin,deborahhobbs@example.org,+1-482-306-4455,2024-05-26,373.47,Credit Card,4.116921484962503,INVALID_FEEDBACK
Julie Martin,bfreeman@example.net,772.628.8974x79095,INVALID_DATE,23.58,Debit Card,2.451459863452733,Field sense financial yard life issue impact sell.
Jennifer Foster,adam11@example.org,(748)575-5402,INVALID_DATE,INVALID_AMOUNT,INVALID_METHOD,,INVALID_FEEDBACK
Samuel Carrillo,danielthompson@example.org,(660)796-8516x85988,2024-03-12,132.11,Cash,6.0,INVALID_FEEDBACK
Jennifer Glass,phelpsbrandon@example.com,(593)904-5117,,,INVALID_METHOD,2.5982732293215554,INVALID_FEEDBACK
Kristina Matthews,patrick96@example.net,7226677095,2024-05-27,,INVALID_METHOD,4.442598939096562,
Andrew Ellison,robertsonjorge@example.com,001-532-701-2872x33463,,INVALID_AMOUNT,Debit Card,INVALID_RATING,Soon sometimes product spring.
Carol Miller,swansonronald@example.net,(425)911-3525x143,2024-02-12,386.14,Credit Card,-1.0,
Lindsay Johnson,wilsonbriana@example.net,9029541847,INVALID_DATE,28.96,INVALID_METHOD,2.202863834709015,INVALID_FEEDBACK
Manuel Sanchez,mking@example.org,001-630-843-6466x393,2024-04-12,336.49,Cash,,
Scott Winters,dross@example.net,(521)729-8038x670,INVALID_DATE,,Credit Card,-1.0,
Alyssa Price,charles38@example.net,(368)886-1791,,,Cash,INVALID_RATING,Wide sense image law mean food.
Christine Smith,erin45@example.net,9934514285,,131.58,,3.448423517628626,
Sharon Moore,joshuacarpenter@example.org,(745)342-3828,2024-04-07,INVALID_AMOUNT,Debit Card,INVALID_RATING,
Joseph Hamilton,sharontaylor@example.com,9236763513,,,INVALID_METHOD,3.7028889276186345,INVALID_FEEDBACK
Michael Boyd,watsonrandy@example.com,(807)527-8304,,446.15,Debit Card,3.720517618369747,
Mathew Smith,jon78@example.org,351-859-0062x85631,2024-03-05,,INVALID_METHOD,3.834120840825122,
Joshua Morrison,alicia63@example.org,001-609-211-3049,INVALID_DATE,349.63,Debit Card,3.5476689051201458,
Cody Cross,valenciasandra@example.com,777.584.0061,2024-07-07,,Credit Card,,
Mary Boone,jamescatherine@example.net,5575432390,,,Debit Card,1.7522349091823797,Foreign save affect thousand enjoy central.
Tommy Boone,qflores@example.net,810.703.7584,INVALID_DATE,36.67,Credit Card,,
Joseph Weeks,alyssajohnson@example.net,753.776.5253,2024-03-17,,Credit Card,-1.0,Respond think everything discuss get well everything.
Mr. Jermaine Sanchez,nicholasbailey@example.com,001-470-292-1731x70405,2024-07-26,480.35,,2.201882305347655,Develop ten concern hair miss work reach.
Kenneth Price,davidreynolds@example.com,(339)657-4641x0138,2024-01-31,403.21,Cash,2.5710754523055086,Thousand green claim college.
Erica Smith MD,matthew30@example.org,(462)942-8399x048,2024-05-16,128.91,Debit Card,1.870126358966036,We box forget move site speech.
Monica Johnson,kelly35@example.org,560.763.5495,INVALID_DATE,,Cash,3.0440021889214623,
Krystal Patterson,ppatterson@example.net,+1-789-663-8136x9249,2024-03-05,,,,
Jennifer Goodman,igarcia@example.net,(818)999-9638x11502,,INVALID_AMOUNT,INVALID_METHOD,INVALID_RATING,INVALID_FEEDBACK
Matthew Coffey,wsmith@example.com,+1-987-879-1127x68378,INVALID_DATE,INVALID_AMOUNT,Credit Card,3.584547225128191,The sound production smile space country.
Rhonda Wagner,walllydia@example.net,001-885-963-3194x5301,2024-07-24,482.22,INVALID_METHOD,INVALID_RATING,
Justin Burns,victoria96@example.com,+1-253-338-7226x3511,2024-01-29,220.17,Credit Card,4.1336512718057765,
Jerry Russo,mccluremichael@example.com,231.780.9188,,469.41,Credit Card,6.0,Seek act never door.
Angela Moore,bhenson@example.net,(756)297-8287x39666,,,Cash,4.416113550282306,INVALID_FEEDBACK
Anne Morrison,jlee@example.org,+1-222-318-7010x6188,2024-02-22,223.62,,4.540559731558739,
Renee Cisneros,vrogers@example.net,705-889-5141x255,2024-01-22,212.84,Cash,2.1434129423657335,Middle side sit painting.
Mary Diaz,christopher76@example.org,903.496.6945x359,,409.3,Cash,,INVALID_FEEDBACK
Kathy Garcia,frank80@example.net,6942957719,2024-04-29,,,4.824044759667625,
Katrina Oliver,proman@example.net,898.207.8287x04205,2024-07-17,,Credit Card,3.5724342805818203,My between manager sound let.
Christina Taylor,joneslaura@example.com,001-733-437-5877x4514,2024-04-12,INVALID_AMOUNT,,INVALID_RATING,
Jonathan Dillon,danaphillips@example.net,285.738.7226,2024-06-28,,,2.4770976412940042,INVALID_FEEDBACK
Karina Rodriguez,cwright@example.net,632-442-9111,,,INVALID_METHOD,INVALID_RATING,Personal stock pattern reflect site.
Jennifer Roberts,natalie21@example.org,001-722-798-4781x555,,,Cash,4.700684487136755,Control move us which.
Lawrence Miller,daniel31@example.org,258.830.8665x9615,2024-06-17,INVALID_AMOUNT,INVALID_METHOD,INVALID_RATING,INVALID_FEEDBACK
Jeremy Evans,christinasmith@example.net,750-366-8459,INVALID_DATE,387.42,Debit Card,2.3850070180591985,INVALID_FEEDBACK
Curtis Miller,ythompson@example.org,001-283-985-4759x942,INVALID_DATE,,Cash,6.0,
Michael Patrick,rebeccavargas@example.org,265-945-5871,,230.55,Cash,3.0489216077642642,INVALID_FEEDBACK
Carol Velazquez,johngriffith@example.net,464.287.6014,,,Credit Card,,INVALID_FEEDBACK
Michael Kelly,dylanmontoya@example.com,001-232-429-5372x768,2024-04-01,INVALID_AMOUNT,INVALID_METHOD,4.684092857071951,Husband pick however newspaper.
Gary Wallace,hbailey@example.com,210.865.4811x1400,INVALID_DATE,,,,INVALID_FEEDBACK
Robin Torres,floresdavid@example.com,(761)608-2081,,356.43,Cash,3.3932730865316056,INVALID_FEEDBACK
Regina Goodman,idavis@example.com,+1-285-830-3783x691,,441.35,,,INVALID_FEEDBACK
Bobby Rodriguez,alexandrabrown@example.net,6285465070,,,Credit Card,6.0,
Lawrence Gibson,wrichardson@example.net,290.630.5214,INVALID_DATE,,Debit Card,,Plan huge attack federal fight direction.
Kelly Smith,courtneywhite@example.org,8507999865,INVALID_DATE,INVALID_AMOUNT,INVALID_METHOD,-1.0,INVALID_FEEDBACK
Robert Franklin II,emurphy@example.com,001-370-851-8255x972,2024-02-06,106.13,Debit Card,4.72795496406173,Baby information girl eat.
Nicole Turner MD,lrichardson@example.com,001-969-992-3324x0917,,,Cash,-1.0,On occur realize.
Heidi Lane,christopher76@example.com,524-625-7619x2708,2024-02-15,209.65,Debit Card,1.8550675015457148,INVALID_FEEDBACK
Eric White,stephenscott@example.org,+1-895-652-3396x68583,INVALID_DATE,,Debit Card,3.2504369390053536,
Erica Chavez,marcusmosley@example.org,5118817063,2024-02-08,,Credit Card,3.7537583790667406,Role specific than forget.
Mary Gomez,thorntoncarolyn@example.org,520-350-4818,,INVALID_AMOUNT,Debit Card,-1.0,INVALID_FEEDBACK
Samantha Ortiz,elizabeth33@example.com,001-670-352-7717x447,2024-03-08,,Credit Card,1.7792768545851456,
Shannon Mclaughlin,janice16@example.net,001-728-541-9067x83221,INVALID_DATE,,Debit Card,2.7532556778604276,INVALID_FEEDBACK
Michael Haas,mannbridget@example.org,001-353-217-6851x456,,63.86,,4.878979500200154,INVALID_FEEDBACK
Justin Little,louisjones@example.com,537-887-0639x1181,INVALID_DATE,,Debit Card,,INVALID_FEEDBACK
Amanda Hodges,melendezcharles@example.org,+1-523-273-9379,INVALID_DATE,324.26,,INVALID_RATING,Guess claim usually president field show.
Matthew Gonzales,tandrade@example.com,001-676-378-7611x7781,INVALID_DATE,,Credit Card,3.997624318439667,Statement fire partner we season.
Lisa Bell,hannah03@example.net,927.456.1667x0849,2024-05-12,INVALID_AMOUNT,Debit Card,,INVALID_FEEDBACK
Anthony Fernandez,fflores@example.org,343.222.6158x2535,2024-07-13,316.73,INVALID_METHOD,4.613597309979384,
Suzanne Mccarthy,johnhicks@example.com,001-920-946-1349x287,INVALID_DATE,INVALID_AMOUNT,Debit Card,3.637166214833902,
Abigail Simmons,arellanojon@example.net,+1-927-677-8140,,,Credit Card,1.022743865608184,
Joanna Hatfield,andredouglas@example.org,7754205290,2024-01-31,,,6.0,INVALID_FEEDBACK
Danielle Jensen,susanmccarthy@example.com,668-875-5512x66354,2024-05-10,139.63,,,INVALID_FEEDBACK
Laura Kim,parrishtimothy@example.net,913-536-6974,2024-06-08,INVALID_AMOUNT,INVALID_METHOD,INVALID_RATING,Majority order do point whole they raise.
David Pruitt,dwinters@example.net,618.709.6007,2024-02-21,421.64,Cash,1.3899087388871965,
Mrs. Tara Sullivan,brandon06@example.com,(438)973-6494x835,,357.44,INVALID_METHOD,6.0,
Michael Dixon,lhart@example.com,676-226-0517x3078,2024-05-03,,Cash,,
Theresa Griffin,phillipsjose@example.com,+1-467-387-6258x9861,2024-05-19,271.19,INVALID_METHOD,INVALID_RATING,
Susan Garcia,michael74@example.net,001-587-354-3741x2068,,,,-1.0,Move class region report may near natural ago.
Dorothy Brown,ffernandez@example.net,001-707-456-2188x216,2024-07-19,,,,
Lisa Thompson,swansontimothy@example.org,808.413.7167x6313,2024-04-29,251.43,INVALID_METHOD,-1.0,Nothing note base their.
Ryan Johnson,fullersuzanne@example.org,+1-460-349-1395x363,2024-03-30,137.9,INVALID_METHOD,INVALID_RATING,INVALID_FEEDBACK
Tamara Salinas,dawn68@example.org,001-875-820-5246x426,,,,INVALID_RATING,
Crystal Adams,scottmccoy@example.net,+1-624-362-3485,,105.01,Debit Card,2.8506825279115113,INVALID_FEEDBACK
Denise King,andrew82@example.com,+1-842-439-1097x9215,INVALID_DATE,309.49,Cash,4.47719624559386,INVALID_FEEDBACK
Wesley Hernandez,karenbutler@example.net,001-398-556-6471,2024-06-10,INVALID_AMOUNT,Cash,2.72947003995096,
David Duffy,nicholsmonica@example.net,407.343.6272x97704,2024-06-28,,Debit Card,1.977498724399168,INVALID_FEEDBACK
Jessica Costa,brucemurray@example.net,+1-865-929-7556x702,2024-02-23,,Cash,2.0089229047799546,
Jacob Campbell,rwilliams@example.org,001-233-314-2320x632,2024-05-29,166.06,,3.506189911437653,INVALID_FEEDBACK
Timothy Garcia,toni23@example.com,278-665-6612,2024-04-03,,INVALID_METHOD,INVALID_RATING,INVALID_FEEDBACK
Lauren Davis,ricardo18@example.org,216-745-9937x07268,2024-07-28,,Debit Card,3.600240684208738,INVALID_FEEDBACK
Adam Taylor,loliver@example.net,971-684-0138,2024-07-02,INVALID_AMOUNT,Credit Card,4.832436065047935,Soldier spring year.
Chris Mcdonald,olsonmichael@example.net,001-709-726-4976x81743,,188.52,Cash,2.226823209125876,INVALID_FEEDBACK
Alexandria Davis,tschneider@example.com,+1-348-353-3267,2024-03-27,284.72,Debit Card,2.679200745853031,Kitchen end TV guy billion hold.
Michael Marsh,gwolfe@example.net,001-432-377-2309x146,2024-07-05,327.48,,2.941947334188245,INVALID_FEEDBACK
Sharon Burnett,jacksonjaime@example.org,(452)697-4593,2024-02-21,430.21,Cash,1.421604630891197,
Mckenzie Green DVM,jeffreymason@example.org,969.843.4795,INVALID_DATE,314.18,Credit Card,2.953895593476672,
Sarah Lewis,kimberlyscott@example.net,(363)927-5823,,493.9,,1.0151042837716955,Blood issue should rather body student.
Debra Davis,alexandernicole@example.net,(928)810-3486,2024-06-29,,Credit Card,,INVALID_FEEDBACK
Johnny Navarro,xmyers@example.net,001-692-778-6701x458,2024-04-28,81.04,Cash,6.0,INVALID_FEEDBACK
Kelly Hayes,dixonerica@example.org,(723)411-2659x5075,2024-07-17,209.85,Debit Card,1.539804473998109,
Mark Woodward,briansimmons@example.org,(362)816-7340,INVALID_DATE,142.18,Debit Card,1.4536668817028238,Can hard produce happy key member.
Nicole Wright,michael76@example.com,894.569.5188,INVALID_DATE,,Cash,4.172703293311754,INVALID_FEEDBACK
Andrew Woods,nancyrivera@example.org,899.318.6302x355,2024-02-04,239.76,Credit Card,,
Sherry Mata,deannamueller@example.org,+1-315-625-8220,2024-03-23,351.19,,6.0,A today suddenly myself.
Michael Jimenez,matthewowens@example.net,882-859-0051x535,2024-04-01,,INVALID_METHOD,INVALID_RATING,
Anthony Hall,sethcummings@example.net,495-738-2881,INVALID_DATE,INVALID_AMOUNT,Credit Card,3.9430286438194595,Available interview song.
Frank Adams,kristin86@example.org,+1-544-293-1881x6202,,,Debit Card,-1.0,Finally per black shake this campaign.
Kyle Nash,dguerra@example.com,(427)467-1933x77709,2024-07-04,,Credit Card,1.8734982550793502,Meet risk what economic prove until offer.
Shawn Turner DDS,tmorrow@example.com,+1-865-637-5358x64508,2024-04-26,INVALID_AMOUNT,Cash,3.777904756724975,
Timothy Brown,joshuapeterson@example.com,266-214-8078,INVALID_DATE,,Debit Card,2.1401177467866583,INVALID_FEEDBACK
Alexis Hutchinson,lduncan@example.com,771.252.0321x8789,2024-01-12,377.58,Cash,-1.0,Watch recognize season college try our follow watch.
Kevin Kerr,lee94@example.com,001-743-944-9053x383,,,INVALID_METHOD,INVALID_RATING,INVALID_FEEDBACK
Nicholas Conner,mdouglas@example.net,+1-487-267-7541x566,2024-05-23,365.43,Credit Card,2.8409808970246777,
Terry Sanchez,lmosley@example.com,001-650-345-9557x215,,,,4.591885735825438,Politics establish fly.
Kaitlyn Campos,larsonphilip@example.net,(599)412-8111,,429.05,,1.848406039919877,
Suzanne Glover,uwilliams@example.org,648-396-8049,INVALID_DATE,367.06,,3.179910019527605,Five toward agree owner stuff share though.
Kevin Koch,walkerbrittany@example.org,001-341-840-9201x5846,2024-01-24,,Credit Card,1.0489754668892775,Despite rest majority laugh general party.
Melissa Mayer,richard31@example.com,+1-985-910-1055x337,2024-06-22,,,INVALID_RATING,Ready purpose military believe through interview support.
Tammy Holmes,jacqueline32@example.net,8986705279,INVALID_DATE,,Debit Card,3.3946932357303314,Policy pick total worry community when west blood.
Kathleen Ramirez,ncarroll@example.net,(400)702-1233x81267,2024-03-01,74.51,Cash,4.061907034092249,
William Jones,gailandrews@example.net,(341)831-7878,,338.84,Credit Card,3.7486894008931158,
Matthew Doyle,hendersonanna@example.net,802.692.8779,INVALID_DATE,,INVALID_METHOD,1.6730437767078339,
Lindsey Bird,lbell@example.net,+1-256-708-7052,INVALID_DATE,487.1,Credit Card,2.320513433197738,Seat mission again full best finally.
Steven Rodriguez,cassidycarr@example.net,001-949-911-2615x0629,,INVALID_AMOUNT,Credit Card,1.7529278430631474,State marriage drug deep.
Brianna Patterson,kpaul@example.org,(346)307-2532,2024-02-19,,Cash,-1.0,Indeed morning management fear meet effect administration.
Kelly Johnson,smithcharles@example.com,+1-957-812-7912x0137,2024-01-06,,INVALID_METHOD,2.370182503229687,INVALID_FEEDBACK
Alexander Robinson,melissa13@example.net,367.699.7825x845,2024-03-21,,Cash,3.834575803136437,Most land team course.
Jennifer Scott,jlowe@example.org,7942455150,INVALID_DATE,INVALID_AMOUNT,INVALID_METHOD,2.538714041853765,Event local specific.
Matthew Garcia,johnsonmaria@example.net,+1-429-840-7155x837,,INVALID_AMOUNT,Cash,-1.0,Physical how traditional compare.
Dr. Candice Rodriguez,hflores@example.com,(488)694-0790x754,2024-01-29,INVALID_AMOUNT,Debit Card,6.0,INVALID_FEEDBACK
Shane Roman,jennawang@example.net,782.491.1311,2024-06-20,,Cash,,INVALID_FEEDBACK
Joseph Medina,aliciasmith@example.com,267-227-1320,,138.37,Debit Card,3.2383077654331816,INVALID_FEEDBACK
David Williams,jacobpotter@example.com,+1-959-705-1481x967,2024-05-25,INVALID_AMOUNT,Credit Card,3.875945969062859,INVALID_FEEDBACK
Nicholas Kelley,christophergoodwin@example.net,001-498-859-8853,INVALID_DATE,,Cash,3.5595322681647095,Loss travel black best include stock learn bar.
Donna Briggs,robert98@example.org,292.236.0870x12768,INVALID_DATE,472.31,,6.0,INVALID_FEEDBACK
Karen White,melissalopez@example.org,951-819-9434,,367.7,,INVALID_RATING,INVALID_FEEDBACK
Christopher Charles,robert59@example.com,213.441.3251x62779,2024-04-19,67.64,Debit Card,INVALID_RATING,
Christopher Riley,robertlindsey@example.org,900.696.7261x676,2024-07-28,,Debit Card,2.380177020537173,
Lauren Thomas,gaustin@example.net,+1-887-740-6225x804,INVALID_DATE,,,1.152960806010245,Final theory before protect where government through.
Melanie Adams,foxkristen@example.org,652.568.5347x367,,309.18,Cash,4.638525591749952,Peace wrong however since see know happy.
Henry Smith,collinsjoseph@example.com,868-820-2067,INVALID_DATE,38.15,Credit Card,2.805959274085552,
Courtney Martinez,lawrencephyllis@example.org,556-795-0493x9854,2024-02-05,INVALID_AMOUNT,Credit Card,-1.0,INVALID_FEEDBACK
Cheryl Yang,sarah67@example.com,(560)435-9625,2024-04-01,79.11,INVALID_METHOD,INVALID_RATING,Build ask east air.
Christopher Jenkins,dwoodard@example.com,483.641.1473x590,2024-06-23,12.96,,INVALID_RATING,Mean discover call clear then.
Margaret Chavez MD,andrea29@example.net,(431)518-1733x34258,2024-05-29,INVALID_AMOUNT,Cash,,INVALID_FEEDBACK
Omar Jones,william68@example.net,926.637.9791x56603,2024-06-16,,INVALID_METHOD,3.108509668652597,INVALID_FEEDBACK
Austin Riley,rogersjohn@example.net,840-923-3407,2024-02-09,,,1.668990288871381,INVALID_FEEDBACK
Megan Smith,kathleengriffin@example.com,001-552-752-4554x4979,INVALID_DATE,,Credit Card,INVALID_RATING,Before improve word question sort.
Robert Thomas,patrick37@example.org,001-477-384-3569,2024-04-27,INVALID_AMOUNT,Credit Card,4.83372682892341,Plant it side say way.
Kristin Lee,okaufman@example.org,893-554-6060x2956,INVALID_DATE,70.61,Credit Card,-1.0,INVALID_FEEDBACK
Michelle Juarez,sjohnson@example.com,+1-690-823-6736x19578,2024-04-10,103.94,INVALID_METHOD,3.3712879176087434,Some suggest who food.
Adam Randall,victor78@example.org,757-412-6568,2024-05-09,140.21,Cash,3.876635336360306,Major instead bar still appear cup.
Juan Martinez,ruben94@example.net,585.859.3739,2024-08-01,18.62,INVALID_METHOD,-1.0,INVALID_FEEDBACK
Lori Jones,garzaleah@example.net,(944)342-2866,INVALID_DATE,,Credit Card,INVALID_RATING,INVALID_FEEDBACK
Danielle Farmer DVM,lisanicholson@example.org,263.341.6395x018,INVALID_DATE,,Cash,-1.0,Property night might this answer.
Christopher Butler,qalexander@example.org,001-952-510-8714x083,INVALID_DATE,321.11,Credit Card,6.0,Compare office argue many.
Gina Malone,kcook@example.org,(914)581-5157x60173,INVALID_DATE,,Credit Card,-1.0,
Stacey Carr,william58@example.com,(966)789-5837x479,INVALID_DATE,166.85,Credit Card,3.9286921676100923,
Jessica Vaughan,smithtony@example.com,+1-932-265-1138x134,INVALID_DATE,109.82,Credit Card,2.0956534374236986,INVALID_FEEDBACK
Benjamin Roberts,allisonmorris@example.com,3312547004,2024-01-12,,Credit Card,6.0,Position really list.
Lisa Martinez,zhill@example.com,001-201-291-3145x30541,2024-02-08,396.48,INVALID_METHOD,6.0,
Monica Hanson,whitedominic@example.com,001-848-609-4261x981,2024-05-08,29.29,INVALID_METHOD,2.4605688393562297,Sell order task red official radio.
Anthony Adkins,graybarbara@example.org,+1-619-797-1131x498,2024-04-28,,INVALID_METHOD,INVALID_RATING,Pattern plan understand after.
Samantha Gonzalez,thomaspatterson@example.org,672.236.2420,2024-02-02,INVALID_AMOUNT,INVALID_METHOD,INVALID_RATING,
Robert Joseph,marksantana@example.net,370-883-3767,2024-06-30,477.6,Credit Card,4.180093542781701,
Amber Hill,jameskimberly@example.net,433-785-9473x201,,,Cash,2.931996832431604,Two hospital value range read record later city.
Melissa Poole,angela26@example.net,(910)555-2013x2129,INVALID_DATE,,Cash,,Politics nothing training bad.
Fred Carey,tbeck@example.org,(679)406-4383x46500,2024-02-09,263.46,INVALID_METHOD,2.56109520796599,
Elizabeth Brown,sharonortiz@example.net,001-549-428-7969,INVALID_DATE,361.45,INVALID_METHOD,4.772222602404034,
Miguel Petty,rbaker@example.org,(836)378-4255x3376,2024-01-20,,INVALID_METHOD,4.978660260456907,Particular third back nation fill shake.
Russell Duffy,zdeleon@example.com,001-885-332-8714x75600,2024-06-04,,Credit Card,6.0,
Jessica Smith,catherine74@example.net,+1-509-393-2337x3934,2024-02-14,309.85,Cash,1.0108420916804666,Firm program sea window point executive.
Douglas Burns,lvalenzuela@example.com,4875301808,INVALID_DATE,,Credit Card,2.2019505868930005,Agreement car rate material of.
Jacob Griffin,pholden@example.net,888.619.6515x0470,,46.98,Credit Card,3.1984279910042637,
Harold Baker,lisacollins@example.org,(912)610-6011x21617,INVALID_DATE,15.44,Debit Card,-1.0,Yes will glass east thing head.
Dr. Justin Wright Jr.,michaeljohnson@example.net,482-507-5548x1131,INVALID_DATE,INVALID_AMOUNT,INVALID_METHOD,4.786594671342133,INVALID_FEEDBACK
Christopher Leonard,matthew53@example.com,+1-434-827-2945x6237,,307.16,,2.5044153267949514,INVALID_FEEDBACK
Chad Oliver,margaretlynch@example.com,2232959051,2024-02-01,492.95,Debit Card,2.66564019860423,Behavior chance modern five.
Gregory Cruz,udavis@example.com,(524)540-2797x6064,,405.66,Cash,1.1069532301524272,INVALID_FEEDBACK
Anthony Burton,ftorres@example.com,295-216-9946x60598,,492.81,INVALID_METHOD,INVALID_RATING,INVALID_FEEDBACK
Matthew Pace,johnsonwilliam@example.com,001-950-568-9802x47514,INVALID_DATE,436.15,INVALID_METHOD,3.581028302047549,Personal we property understand goal front plant.
Deborah Clark,krausejohn@example.net,+1-340-658-6389x455,,284.28,,2.497678291535035,See kind risk just be bank dog.
Charles King,ianwalker@example.org,+1-916-214-9738,2024-04-04,336.93,Credit Card,INVALID_RATING,INVALID_FEEDBACK
Kimberly Griffin,rachel88@example.com,(802)629-8365,2024-06-28,353.98,Cash,INVALID_RATING,Who politics character increase wear.
Andrew Koch,tdavis@example.org,636.549.6578x03856,2024-05-01,202.92,Debit Card,3.628735187753936,INVALID_FEEDBACK
Daniel Johnson,owest@example.com,001-799-681-7026x8862,INVALID_DATE,,Cash,-1.0,Star husband budget trade rock work.
Rebecca Hoover,walkermelissa@example.net,(538)350-1990x659,,,Debit Card,2.443064416712947,
Melissa Carpenter,rcox@example.org,(975)661-7555x7630,,201.8,,4.1715225513156495,Baby religious rest.
Adam Flores,wsmith@example.org,914.575.5100,2024-03-03,284.05,Credit Card,4.843976154373646,Say near staff be fact.
Eugene Stout,stephaniejones@example.com,426-709-5946,,314.86,INVALID_METHOD,3.3185950572698717,Memory write ever trouble seven.
Sean Boone,lewisshannon@example.net,001-952-855-6613x0873,,246.15,INVALID_METHOD,1.7545557655259358,Avoid company authority international late.
Megan Hudson,dallen@example.org,+1-451-885-2928x15629,2024-01-01,INVALID_AMOUNT,INVALID_METHOD,2.957115366451975,Animal join system these.
Jeffrey Horton,annajohnson@example.com,225-236-5210x91584,2024-01-24,335.64,,-1.0,INVALID_FEEDBACK
Juan Wilcox,zjackson@example.net,001-778-484-9152x783,2024-04-13,337.13,INVALID_METHOD,1.5235308183587333,
Andre Mercado,nelsonjerry@example.net,859-683-5766,2024-03-19,61.55,INVALID_METHOD,INVALID_RATING,
Anita Valencia DDS,whuffman@example.org,527-855-0085x8476,INVALID_DATE,319.43,Debit Card,3.4595428372366204,
Steven Daniel,qlowery@example.org,887-861-1925,,109.99,,-1.0,Material different themselves current.
Heather Khan,matthew32@example.org,4655816093,,394.04,Cash,-1.0,Budget loss international price give back.
William Scott,brewerstephen@example.net,883-584-5916x7956,2024-02-26,163.74,,4.64107325911009,Build risk skill memory respond.
Steven Smith,ashleydonna@example.net,236-938-9188,2024-03-06,,,1.8652505900572551,
Monica Henson,thomas37@example.net,515-378-5396x7092,2024-05-31,,Credit Card,2.318145410646465,Left long brother can.
Bonnie Shepherd,meyerstephanie@example.com,269.704.8175,,486.9,Credit Card,1.8622815537939,Instead candidate mother why moment soon.
Carol Thomas,nicoleramirez@example.com,290-885-9374x46387,2024-07-07,INVALID_AMOUNT,INVALID_METHOD,6.0,
Steven Clark,heather27@example.net,465.979.9865,2024-02-10,124.13,,-1.0,Person east owner money only evidence effort.
Renee Ortiz,zpaul@example.net,+1-646-324-9715x7952,2024-02-02,,Credit Card,4.664558723165,Town military already attention clearly perhaps everybody.
Shelia Martinez,mcguireleah@example.net,399-506-2982x38712,2024-07-27,402.5,INVALID_METHOD,2.9963205415770147,Ok reveal PM understand.
Melinda Gutierrez,jonathan92@example.com,+1-226-840-2290x935,,INVALID_AMOUNT,Debit Card,2.3441224973288297,INVALID_FEEDBACK
Benjamin Warren,nicholasperez@example.com,(603)361-7031x259,2024-04-28,,,-1.0,Power watch million boy staff.
Raymond Green,kelly58@example.org,001-354-668-8635,INVALID_DATE,INVALID_AMOUNT,,-1.0,
Charles Lara,ruizmike@example.com,671.839.3162x89885,,INVALID_AMOUNT,Cash,1.9884574428175426,
Kristen Andrews,tamaraferguson@example.net,001-460-748-2754x00917,INVALID_DATE,297.29,Debit Card,INVALID_RATING,No tax course tough morning stage.
Debra Smith,simpsonjonathan@example.org,329.504.8477x6032,2024-07-29,,,4.806912479271831,INVALID_FEEDBACK
Kenneth Holland,jessica13@example.net,872-280-2565x3333,,111.74,Credit Card,INVALID_RATING,Security marriage all piece that reason.
Shannon Long,hughesleslie@example.org,602.409.0640x53579,,,Credit Card,INVALID_RATING,Blue name stuff sea.
Michael Dixon,rosealex@example.org,001-351-686-3037x45110,2024-05-30,,Cash,,Her will politics on seven future.
Misty Edwards,bradleycarpenter@example.org,653-518-6611x10398,INVALID_DATE,113.86,Cash,6.0,
Ashlee Johnson,shieldsmatthew@example.org,001-799-833-2524,INVALID_DATE,,Debit Card,INVALID_RATING,
Anthony Hernandez,michelle42@example.org,486.345.6580x29905,2024-05-03,389.95,,1.29446137214086,
Michael Jacobson,wwalton@example.net,547.864.8672,2024-03-08,,Cash,4.971258294503549,Entire cost prevent girl.
Joshua Montgomery,derekjohnson@example.org,966.996.8459x8646,2024-05-03,,Credit Card,2.3953469171533426,INVALID_FEEDBACK
Craig Walker,xsullivan@example.com,(517)800-4458x0774,2024-03-22,,Debit Card,,INVALID_FEEDBACK
Jon Hudson,robert31@example.org,+1-706-877-7622x108,2024-01-07,457.09,Debit Card,-1.0,
Douglas Noble,michael02@example.org,521.312.7398,2024-01-27,28.4,,-1.0,Economic me lead summer worker.
Jonathan Chavez,dcook@example.com,7535034276,2024-07-23,93.53,,,Leave compare moment such eye.
Devon Powell,flemingsarah@example.org,516.741.0488x59886,INVALID_DATE,430.37,Cash,4.199634143353309,Land people bill less.
Diamond Hoffman,troy51@example.com,+1-681-436-9079,2024-06-22,285.33,,,
John Holt,yvalencia@example.com,(403)291-6680x2158,INVALID_DATE,268.54,Cash,,INVALID_FEEDBACK
Jamie Alvarez,huffmanalicia@example.org,001-450-920-7999x0957,2024-06-24,111.68,,2.8607876302650035,
Julie Ramirez,kim02@example.com,+1-798-935-8440x961,2024-07-16,259.4,Credit Card,-1.0,INVALID_FEEDBACK
Timothy Arnold,garrettfrancisco@example.org,(552)450-8622x87715,2024-01-19,,Cash,1.1007558530285686,Appear difference most mouth ten whose agency strategy.
Sandra Castillo,goodshirley@example.net,(876)603-1452,INVALID_DATE,,Debit Card,-1.0,INVALID_FEEDBACK
Steven Johnston,waltersdonald@example.net,955-632-7931x378,2024-06-03,373.26,,1.2468962444773704,
John King,lindsayyoung@example.com,+1-520-957-1225x86968,INVALID_DATE,,Debit Card,-1.0,Congress hand property language effect hold.
Kevin Anderson,jeffrey32@example.org,001-826-829-3804x454,2024-04-17,179.43,INVALID_METHOD,6.0,Ask million eye.
Jeffrey Brown,jenkinsrussell@example.net,(255)961-6318,,294.43,Debit Card,1.0562284125455301,INVALID_FEEDBACK
Meagan Mata,qmiller@example.org,001-687-596-7360,INVALID_DATE,338.89,Credit Card,-1.0,Large simply continue pretty.
Chelsea Gonzalez,amanda15@example.org,484.568.8575x9468,2024-02-15,363.6,,,Allow really themselves research method million somebody.
Benjamin Rodriguez,cummingsamy@example.com,001-815-895-2998x6083,2024-02-29,,,-1.0,INVALID_FEEDBACK
Devon Greene,anthony89@example.net,+1-374-912-7042x3781,2024-02-15,INVALID_AMOUNT,Cash,INVALID_RATING,Voice main shoulder certainly.
Gregory Williams,richardhall@example.net,890.785.7092x31078,2024-01-31,313.32,,INVALID_RATING,
Nicholas Cochran,daniellemay@example.net,(412)933-5337x1187,INVALID_DATE,,Cash,2.3731899008675077,INVALID_FEEDBACK
Amanda Todd,jessica09@example.com,784.632.3032x35969,2024-06-30,,INVALID_METHOD,2.713729899616506,INVALID_FEEDBACK
Joshua Wood,kimberly71@example.com,001-449-997-2627x9929,2024-06-17,INVALID_AMOUNT,INVALID_METHOD,INVALID_RATING,It behind feel street kind national southern good.
Patricia Olson,fernandoschwartz@example.net,392.964.4517,2024-03-18,,Debit Card,,INVALID_FEEDBACK
Debra Blevins,wellsjill@example.net,230.842.3716x558,,INVALID_AMOUNT,Debit Card,INVALID_RATING,
Dr. Christopher Fisher,grantarmstrong@example.org,001-388-649-3532x793,INVALID_DATE,INVALID_AMOUNT,,1.6457121028021886,INVALID_FEEDBACK
Dean Cherry,kellyspencer@example.org,+1-998-659-5103x6252,,94.78,Debit Card,4.476546631508802,
Michelle Valentine,bwoodard@example.org,+1-634-972-2311,2024-01-13,,Credit Card,-1.0,INVALID_FEEDBACK
Matthew Duran,ashleywebb@example.org,464-652-9927,,INVALID_AMOUNT,Cash,3.0756544027342003,INVALID_FEEDBACK
Jason Sharp,john70@example.org,398.875.5267x43365,2024-05-21,INVALID_AMOUNT,,1.9200275449560524,Culture own service do.
Spencer Mitchell,sharon53@example.net,001-811-647-7722x92916,2024-01-08,270.72,,2.721974097192536,INVALID_FEEDBACK
Rebecca Green,nealdawn@example.net,3243690295,INVALID_DATE,390.24,Debit Card,1.9851136049032352,INVALID_FEEDBACK
Carly Knox,tjackson@example.org,+1-442-498-3854,2024-06-08,,,1.5175581848928545,Practice sure term area west from assume particular.
Jessica Morrison,cookchristine@example.com,+1-788-571-1960,2024-06-11,100.35,,,INVALID_FEEDBACK
Erin Wilson,contrerasanna@example.net,343-253-5629x9771,INVALID_DATE,,Cash,,Reach special politics item.
Jessica Ware,tcastro@example.org,+1-889-586-8580x008,,56.66,,-1.0,INVALID_FEEDBACK
Maureen Thompson,jeffrey27@example.net,546-841-7966,,200.42,Debit Card,6.0,Time wonder any deep collection.
Tina Carr,joshua89@example.org,949-378-4380x64331,,,,4.928878952968418,
Elizabeth Smith,joselawson@example.com,+1-674-597-4187x7745,INVALID_DATE,INVALID_AMOUNT,,6.0,As successful meeting mouth response.
Melissa Higgins,olivia89@example.org,401-891-6703x8560,,183.87,Debit Card,1.9210927663162067,INVALID_FEEDBACK
Mr. Richard Cook,gregoryliu@example.net,299.799.9878,,381.88,INVALID_METHOD,,INVALID_FEEDBACK
Shawn Adams DDS,ubrooks@example.org,6106377338,2024-05-15,INVALID_AMOUNT,Cash,6.0,Sing figure management.
Mercedes Booth,lyonsscott@example.com,587-285-3233x264,2024-07-22,INVALID_AMOUNT,Debit Card,INVALID_RATING,
Cheryl Ball,robert98@example.org,922-882-1333,,489.79,Cash,6.0,INVALID_FEEDBACK
Julie Mcpherson,jerryalvarado@example.net,001-536-888-2247x86013,,53.01,,2.155934022258518,
Dana Palmer,matthew16@example.net,643-717-0150,INVALID_DATE,INVALID_AMOUNT,Debit Card,3.705423145373644,
Sarah Roberts,jonesmichele@example.com,+1-945-770-4895,2024-02-25,160.22,INVALID_METHOD,2.7837859827464766,Yes dark clear on.
Kathleen Velazquez,laurie87@example.com,001-703-967-0314x45462,INVALID_DATE,,Debit Card,4.897200161967188,Military continue four boy western.
Lauren Wilson,connortaylor@example.net,854-719-4851x06371,2024-01-23,163.11,Cash,,Nothing treat hope foot.
Jerry Martin,logan07@example.net,870-796-0794,2024-01-27,INVALID_AMOUNT,Cash,3.184551410166852,INVALID_FEEDBACK
Brandon Phillips,yjohnston@example.org,001-723-950-5300x448,INVALID_DATE,,INVALID_METHOD,-1.0,INVALID_FEEDBACK
Barbara Sanchez,crossjeffrey@example.net,+1-215-478-2125x990,INVALID_DATE,INVALID_AMOUNT,Debit Card,4.850345328255736,Yeah culture whole throughout statement over.
Frank Cook,kbaker@example.com,540.369.9183x5804,INVALID_DATE,INVALID_AMOUNT,Credit Card,2.532269296466567,
Amy Taylor,brandonmaynard@example.net,969-250-1603x50923,2024-07-28,394.42,Cash,4.768896748087993,INVALID_FEEDBACK
Ashley Ryan,tylerjoshua@example.net,983.384.3891,INVALID_DATE,INVALID_AMOUNT,Debit Card,-1.0,INVALID_FEEDBACK
Lindsey Reid,yshepherd@example.org,001-619-205-2690x451,,127.38,INVALID_METHOD,6.0,Man mother affect political law.
Andrew Green,melissa77@example.org,2612389702,INVALID_DATE,199.13,Cash,-1.0,INVALID_FEEDBACK
Lisa Miller,jerrycooper@example.net,889-556-4200,2024-06-10,,,6.0,INVALID_FEEDBACK
Pamela Smith,tammy67@example.org,(904)388-4710x279,2024-06-10,,Cash,6.0,
Angel Wolfe,darlene37@example.com,001-805-688-5113x22935,INVALID_DATE,94.99,Debit Card,4.373496790357786,Effect parent card together similar send debate meet.
Gavin Alexander,kristinacalhoun@example.net,529.239.9127x583,INVALID_DATE,,,6.0,
Rachel Stafford,gregory36@example.net,407-685-0810x964,2024-03-13,350.27,Debit Card,-1.0,INVALID_FEEDBACK
Michael Lopez,schoi@example.net,+1-440-229-2320x5183,2024-07-30,,Cash,INVALID_RATING,INVALID_FEEDBACK
Patrick Velasquez,ajenkins@example.com,+1-961-413-4612,INVALID_DATE,70.35,Credit Card,1.969310378447386,Example five work policy on.
Deanna Silva,sarahyoung@example.net,001-832-824-2811x1044,INVALID_DATE,144.15,Debit Card,3.696796826342766,Eye pick boy save.
David Christensen Jr.,xwebster@example.org,(745)966-7229x00067,,,Credit Card,1.6218044461850205,Industry forward reveal natural head east dog.
Gina Tran,jill21@example.net,001-468-592-7348x554,2024-02-19,114.69,INVALID_METHOD,-1.0,Focus natural brother business lay find.
Alexander Pratt,uweaver@example.com,(856)618-4262x343,,448.66,Debit Card,INVALID_RATING,Care follow experience process direction window anything dark.
Harold Thomas,ronniehensley@example.net,262.742.8010,,,,,
Jamie Poole,jessica75@example.com,(220)342-1245x23242,2024-03-09,146.69,INVALID_METHOD,4.682999244339996,
Carol Small,elizabeth33@example.net,6089626174,2024-03-26,78.23,INVALID_METHOD,INVALID_RATING,
Jessica Young,mcdonaldrobert@example.com,+1-488-649-8529,INVALID_DATE,150.86,Debit Card,4.7390170436154255,
Cindy Anderson,bwillis@example.net,6537263735,2024-07-06,488.42,Cash,4.614501184407127,INVALID_FEEDBACK
David Christensen,brooksangel@example.org,(573)489-2406x96990,2024-04-19,374.6,Credit Card,2.9347049579818165,Daughter religious population several finish call.
James Garner,emilyrollins@example.com,4179453498,,,,3.2635711919595285,
Victor Parrish,christopher31@example.net,(952)447-8680,,169.97,INVALID_METHOD,1.0398700705078068,INVALID_FEEDBACK
Karen Mitchell,kevingray@example.org,(792)723-7958x340,2024-01-31,,Credit Card,2.743428318879202,INVALID_FEEDBACK
Shelly Branch,jtaylor@example.net,(459)771-5481,2024-02-21,,Debit Card,4.777506680769572,INVALID_FEEDBACK
Gerald Dixon MD,christopher58@example.net,+1-420-497-5755x3688,2024-03-31,INVALID_AMOUNT,,-1.0,
Andrea Clark,samantha04@example.org,306-276-2062,2024-03-18,INVALID_AMOUNT,Cash,,Else reflect instead everyone police more.
Sarah Lopez MD,ahaas@example.org,446-921-9083,,INVALID_AMOUNT,INVALID_METHOD,4.112013160906486,Third world process always again see.
Lindsey Williams,johnsoneric@example.com,393.628.3775x23039,INVALID_DATE,INVALID_AMOUNT,INVALID_METHOD,,
Jacob Spencer,twest@example.net,(766)740-0887x73369,2024-05-22,,Debit Card,1.7730595142347023,Woman city to.
Shane Ramirez,qberger@example.com,(384)852-3698,2024-06-19,,INVALID_METHOD,4.370482532902938,Positive us term room town bit.
Jeffrey Estrada,angelagarcia@example.org,(889)862-9260,INVALID_DATE,,Debit Card,-1.0,Record standard home either hope develop myself.
Jeffrey Schultz,sampsoncrystal@example.org,223.891.6123x2026,2024-03-09,,Credit Card,1.3893110454168216,Ground on tell plan he various wind.
Jeffrey Matthews,medinakimberly@example.net,730.239.6103,INVALID_DATE,,Cash,2.7839489103285517,Despite town hear your meet north draw.
Lindsay Martin,wendypeterson@example.com,(944)223-2308x67874,2024-05-23,92.62,Credit Card,INVALID_RATING,
Ryan Reyes,vguzman@example.net,001-475-568-9132x6796,,,Credit Card,6.0,
Emily Fisher,zcampbell@example.net,919-292-4172x89811,2024-07-11,,INVALID_METHOD,-1.0,There indeed big I civil.
Matthew Vance,rivasheidi@example.net,627-752-0996,2024-03-25,88.59,Cash,-1.0,INVALID_FEEDBACK
Angelica Butler,brenda42@example.com,(481)651-9898x6682,INVALID_DATE,335.2,,INVALID_RATING,Style every eye wrong politics speech fish.
Brian Lawson,rbryant@example.com,2758859374,,167.59,Credit Card,,INVALID_FEEDBACK
Micheal Mcbride,simmonsdebra@example.net,(704)827-1150x88120,,213.41,Cash,,
Taylor Sparks,wesley72@example.org,361-842-7276,2024-06-20,INVALID_AMOUNT,Credit Card,INVALID_RATING,
Andrew Johnson,evansgerald@example.org,+1-845-767-3540x20897,,153.58,Credit Card,4.260555223659118,
Angela Smith,alyssa12@example.com,001-745-906-3785x03715,2024-03-12,,INVALID_METHOD,2.6691320825046074,INVALID_FEEDBACK
Theresa Nash,nbrown@example.org,906.630.1737x1068,2024-05-25,,Cash,-1.0,Part account wish international hotel material cell hospital.
Luis Herrera,fnewman@example.net,985-828-6888x93723,,242.29,Credit Card,-1.0,INVALID_FEEDBACK
Michael Miller,wwallace@example.net,228.364.0860x3265,2024-07-18,,Cash,-1.0,
Nicholas Mays,fnelson@example.net,(985)885-1923x5275,2024-03-26,263.44,Debit Card,6.0,
Cynthia Harris,christopher50@example.org,763-922-2988,,95.85,INVALID_METHOD,3.479979780880688,
Amanda Garner,ujohnson@example.org,3195016956,,73.64,INVALID_METHOD,-1.0,
Stacey Keller,jeanettehardy@example.com,442.767.2008,INVALID_DATE,INVALID_AMOUNT,Cash,INVALID_RATING,
Stephanie Haley,danielsims@example.org,6559748053,,INVALID_AMOUNT,Debit Card,INVALID_RATING,Fact matter huge century hard.
Beth Myers,brookscharles@example.com,635-971-4743x114,2024-02-20,297.61,Credit Card,2.130950872699122,INVALID_FEEDBACK
Reginald Bennett,hoffmanlucas@example.net,460-855-4159x24090,INVALID_DATE,,INVALID_METHOD,-1.0,INVALID_FEEDBACK
Jennifer Morris,ericfreeman@example.org,001-620-832-6645x1182,INVALID_DATE,INVALID_AMOUNT,Credit Card,INVALID_RATING,
Misty Fisher,tpena@example.org,+1-497-602-1723,INVALID_DATE,42.27,Debit Card,-1.0,
Melissa Le,andrew45@example.net,+1-664-985-8797x05923,INVALID_DATE,396.32,Cash,1.0305211447287808,
Timothy Torres,michaelkennedy@example.com,809.554.0419,INVALID_DATE,245.6,,4.35528906068553,INVALID_FEEDBACK
Stephanie Knapp,summergarcia@example.com,754.400.8348,,108.61,Cash,2.9840593530047412,INVALID_FEEDBACK
Barbara Lopez,duncancorey@example.net,7136937970,2024-05-08,INVALID_AMOUNT,,6.0,INVALID_FEEDBACK
Derek Harrison,morganernest@example.com,789.692.6842x06507,,215.15,Credit Card,6.0,
David Ramirez,cwilliams@example.org,585-210-6853x5591,,448.02,Debit Card,INVALID_RATING,INVALID_FEEDBACK
Melanie Larson,jessefletcher@example.org,646.613.3996,2024-04-12,323.53,,2.0728282826436755,For ball keep.
David Montgomery,morganmelissa@example.com,948-791-6862,,,Debit Card,6.0,Responsibility approach him rise.
Kristin Ramirez,henryoliver@example.org,+1-875-895-4870x083,,INVALID_AMOUNT,INVALID_METHOD,,Blood action imagine indicate first four theory impact.
Ashley Hart,doyledebbie@example.com,001-738-410-7770x477,INVALID_DATE,118.15,Debit Card,-1.0,
Steven Chavez,kristirush@example.com,+1-477-208-6210x017,INVALID_DATE,413.66,Debit Card,INVALID_RATING,Own after small organization hair sure year.
Rachel Durham,jessica44@example.net,895.928.1017x26576,,,Debit Card,-1.0,INVALID_FEEDBACK
Barbara Crawford,nicholsjeremy@example.net,001-293-593-6608x6971,2024-02-02,271.19,INVALID_METHOD,,
Connor Allison,christopherhall@example.com,+1-651-622-2799x32902,,,Credit Card,6.0,Order who tree create thousand offer newspaper.
Stephen Palmer,joycemartin@example.org,490-657-0387,2024-07-29,362.1,,INVALID_RATING,
Caitlin Baldwin,vickiemccann@example.net,599-990-4074,2024-07-13,93.31,,1.331655682521793,
Samuel Fisher,sdavis@example.net,+1-394-573-5669x103,2024-01-06,433.42,Cash,6.0,
Carly Matthews,jacksonbrittany@example.com,411-805-4806x4885,2024-04-20,INVALID_AMOUNT,Credit Card,6.0,INVALID_FEEDBACK
Austin Taylor,nunezamy@example.org,001-905-610-3493,2024-03-21,85.53,Cash,4.2054750976359045,
Ashley Long,qgonzales@example.net,338.664.8160,,487.51,INVALID_METHOD,1.7402210614895504,Establish article member chance firm four.
Robert Richardson,kristen05@example.org,937.299.7362x3181,INVALID_DATE,,INVALID_METHOD,INVALID_RATING,INVALID_FEEDBACK
Joseph Allen,brian84@example.org,(741)393-0364,2024-02-01,370.61,,INVALID_RATING,
Jasmine Ortega,itucker@example.net,001-388-741-1331x56434,2024-07-05,105.93,INVALID_METHOD,3.600473362313651,Letter system employee win attention.
Tracey Franklin,nicholasbrooks@example.org,(234)486-7570,INVALID_DATE,272.12,Credit Card,-1.0,Commercial condition citizen especially very.
Kim Hale,robert71@example.net,(477)551-2173,2024-02-13,,INVALID_METHOD,3.9902951450935222,Course evening his box.
Rhonda Walker,frederick20@example.com,5899136095,2024-06-06,INVALID_AMOUNT,INVALID_METHOD,INVALID_RATING,Front east side report cut.
Lisa Owen,lindsey37@example.org,001-889-335-9771x9390,,438.09,INVALID_METHOD,6.0,Avoid perhaps money voice but me several.
Alexandra Fields,hmiles@example.org,443.252.8037x789,2024-07-30,82.65,,6.0,Have idea design total establish.
Jacob Diaz,heathernelson@example.org,001-823-460-4805,,INVALID_AMOUNT,Cash,2.1907671318060338,INVALID_FEEDBACK
Timothy Davis,ricelisa@example.net,001-622-796-9648x34647,INVALID_DATE,230.72,Credit Card,2.0880463965435614,INVALID_FEEDBACK
